Test ID,Device ID,Marker,Repetition,Detected,Detection Time (s),Correct 3D Object,Correct Information,Stable 10 s,Status,Notes
MAP-001,D1,Cs,1,,,,,,Not Tested,
MAP-002,D1,Cs,2,,,,,,Not Tested,
MAP-003,D1,Cs,3,,,,,,Not Tested,
MAP-004,D1,Fr,1,,,,,,Not Tested,
MAP-005,D1,Fr,2,,,,,,Not Tested,
MAP-006,D1,Fr,3,,,,,,Not Tested,
MAP-007,D1,K,1,,,,,,Not Tested,
MAP-008,D1,K,2,,,,,,Not Tested,
MAP-009,D1,K,3,,,,,,Not Tested,
MAP-010,D1,Li,1,,,,,,Not Tested,
MAP-011,D1,Li,2,,,,,,Not Tested,
MAP-012,D1,Li,3,,,,,,Not Tested,
MAP-013,D1,Na,1,,,,,,Not Tested,
MAP-014,D1,Na,2,,,,,,Not Tested,
MAP-015,D1,Na,3,,,,,,Not Tested,
MAP-016,D1,Rb,1,,,,,,Not Tested,
MAP-017,D1,Rb,2,,,,,,Not Tested,
MAP-018,D1,Rb,3,,,,,,Not Tested,
MAP-019,D1,Ba,1,,,,,,Not Tested,
MAP-020,D1,Ba,2,,,,,,Not Tested,
MAP-021,D1,Ba,3,,,,,,Not Tested,
MAP-022,D1,Be,1,,,,,,Not Tested,
MAP-023,D1,Be,2,,,,,,Not Tested,
MAP-024,D1,Be,3,,,,,,Not Tested,
MAP-025,D1,Ca,1,,,,,,Not Tested,
MAP-026,D1,Ca,2,,,,,,Not Tested,
MAP-027,D1,Ca,3,,,,,,Not Tested,
MAP-028,D1,Mg,1,,,,,,Not Tested,
MAP-029,D1,Mg,2,,,,,,Not Tested,
MAP-030,D1,Mg,3,,,,,,Not Tested,
MAP-031,D1,Ra,1,,,,,,Not Tested,
MAP-032,D1,Ra,2,,,,,,Not Tested,
MAP-033,D1,Ra,3,,,,,,Not Tested,
MAP-034,D1,Sr,1,,,,,,Not Tested,
MAP-035,D1,Sr,2,,,,,,Not Tested,
MAP-036,D1,Sr,3,,,,,,Not Tested,
MAP-037,D1,Al,1,,,,,,Not Tested,
MAP-038,D1,Al,2,,,,,,Not Tested,
MAP-039,D1,Al,3,,,,,,Not Tested,
MAP-040,D1,B,1,,,,,,Not Tested,
MAP-041,D1,B,2,,,,,,Not Tested,
MAP-042,D1,B,3,,,,,,Not Tested,
MAP-043,D1,Ga,1,,,,,,Not Tested,
MAP-044,D1,Ga,2,,,,,,Not Tested,
MAP-045,D1,Ga,3,,,,,,Not Tested,
MAP-046,D1,In,1,,,,,,Not Tested,
MAP-047,D1,In,2,,,,,,Not Tested,
MAP-048,D1,In,3,,,,,,Not Tested,
MAP-049,D1,Nh,1,,,,,,Not Tested,
MAP-050,D1,Nh,2,,,,,,Not Tested,
MAP-051,D1,Nh,3,,,,,,Not Tested,
MAP-052,D1,Ti,1,,,,,,Not Tested,
MAP-053,D1,Ti,2,,,,,,Not Tested,
MAP-054,D1,Ti,3,,,,,,Not Tested,
MAP-055,D1,C,1,,,,,,Not Tested,
MAP-056,D1,C,2,,,,,,Not Tested,
MAP-057,D1,C,3,,,,,,Not Tested,
MAP-058,D1,Fl,1,,,,,,Not Tested,
MAP-059,D1,Fl,2,,,,,,Not Tested,
MAP-060,D1,Fl,3,,,,,,Not Tested,
MAP-061,D1,Ge,1,,,,,,Not Tested,
MAP-062,D1,Ge,2,,,,,,Not Tested,
MAP-063,D1,Ge,3,,,,,,Not Tested,
MAP-064,D1,Pb,1,,,,,,Not Tested,
MAP-065,D1,Pb,2,,,,,,Not Tested,
MAP-066,D1,Pb,3,,,,,,Not Tested,
MAP-067,D1,Si,1,,,,,,Not Tested,
MAP-068,D1,Si,2,,,,,,Not Tested,
MAP-069,D1,Si,3,,,,,,Not Tested,
MAP-070,D1,Sn,1,,,,,,Not Tested,
MAP-071,D1,Sn,2,,,,,,Not Tested,
MAP-072,D1,Sn,3,,,,,,Not Tested,
MAP-073,D1,As,1,,,,,,Not Tested,
MAP-074,D1,As,2,,,,,,Not Tested,
MAP-075,D1,As,3,,,,,,Not Tested,
MAP-076,D1,Bi,1,,,,,,Not Tested,
MAP-077,D1,Bi,2,,,,,,Not Tested,
MAP-078,D1,Bi,3,,,,,,Not Tested,
MAP-079,D1,Mc,1,,,,,,Not Tested,
MAP-080,D1,Mc,2,,,,,,Not Tested,
MAP-081,D1,Mc,3,,,,,,Not Tested,
MAP-082,D1,N,1,,,,,,Not Tested,
MAP-083,D1,N,2,,,,,,Not Tested,
MAP-084,D1,N,3,,,,,,Not Tested,
MAP-085,D1,P,1,,,,,,Not Tested,
MAP-086,D1,P,2,,,,,,Not Tested,
MAP-087,D1,P,3,,,,,,Not Tested,
MAP-088,D1,Sb,1,,,,,,Not Tested,
MAP-089,D1,Sb,2,,,,,,Not Tested,
MAP-090,D1,Sb,3,,,,,,Not Tested,
MAP-091,D1,Lv,1,,,,,,Not Tested,
MAP-092,D1,Lv,2,,,,,,Not Tested,
MAP-093,D1,Lv,3,,,,,,Not Tested,
MAP-094,D1,O,1,,,,,,Not Tested,
MAP-095,D1,O,2,,,,,,Not Tested,
MAP-096,D1,O,3,,,,,,Not Tested,
MAP-097,D1,Po,1,,,,,,Not Tested,
MAP-098,D1,Po,2,,,,,,Not Tested,
MAP-099,D1,Po,3,,,,,,Not Tested,
MAP-100,D1,S,1,,,,,,Not Tested,
MAP-101,D1,S,2,,,,,,Not Tested,
MAP-102,D1,S,3,,,,,,Not Tested,
MAP-103,D1,Se,1,,,,,,Not Tested,
MAP-104,D1,Se,2,,,,,,Not Tested,
MAP-105,D1,Se,3,,,,,,Not Tested,
MAP-106,D1,Te,1,,,,,,Not Tested,
MAP-107,D1,Te,2,,,,,,Not Tested,
MAP-108,D1,Te,3,,,,,,Not Tested,
MAP-109,D1,At,1,,,,,,Not Tested,
MAP-110,D1,At,2,,,,,,Not Tested,
MAP-111,D1,At,3,,,,,,Not Tested,
MAP-112,D1,Br,1,,,,,,Not Tested,
MAP-113,D1,Br,2,,,,,,Not Tested,
MAP-114,D1,Br,3,,,,,,Not Tested,
MAP-115,D1,Cl,1,,,,,,Not Tested,
MAP-116,D1,Cl,2,,,,,,Not Tested,
MAP-117,D1,Cl,3,,,,,,Not Tested,
MAP-118,D1,F,1,,,,,,Not Tested,
MAP-119,D1,F,2,,,,,,Not Tested,
MAP-120,D1,F,3,,,,,,Not Tested,
MAP-121,D1,I,1,,,,,,Not Tested,
MAP-122,D1,I,2,,,,,,Not Tested,
MAP-123,D1,I,3,,,,,,Not Tested,
MAP-124,D1,Ts,1,,,,,,Not Tested,
MAP-125,D1,Ts,2,,,,,,Not Tested,
MAP-126,D1,Ts,3,,,,,,Not Tested,
MAP-127,D1,Ar,1,,,,,,Not Tested,
MAP-128,D1,Ar,2,,,,,,Not Tested,
MAP-129,D1,Ar,3,,,,,,Not Tested,
MAP-130,D1,He,1,,,,,,Not Tested,
MAP-131,D1,He,2,,,,,,Not Tested,
MAP-132,D1,He,3,,,,,,Not Tested,
MAP-133,D1,Kr,1,,,,,,Not Tested,
MAP-134,D1,Kr,2,,,,,,Not Tested,
MAP-135,D1,Kr,3,,,,,,Not Tested,
MAP-136,D1,Ne,1,,,,,,Not Tested,
MAP-137,D1,Ne,2,,,,,,Not Tested,
MAP-138,D1,Ne,3,,,,,,Not Tested,
MAP-139,D1,Og,1,,,,,,Not Tested,
MAP-140,D1,Og,2,,,,,,Not Tested,
MAP-141,D1,Og,3,,,,,,Not Tested,
MAP-142,D1,Rn,1,,,,,,Not Tested,
MAP-143,D1,Rn,2,,,,,,Not Tested,
MAP-144,D1,Rn,3,,,,,,Not Tested,
MAP-145,D1,Xe,1,,,,,,Not Tested,
MAP-146,D1,Xe,2,,,,,,Not Tested,
MAP-147,D1,Xe,3,,,,,,Not Tested,
